"No.","Time","Source","Destination","Protocol","Length","Info","Source Port","Destination Port"
"1","0.000000","192.168.2.7","52.114.75.79","TLSv1.2","589","Application Data","50287","443"
"2","0.000385","192.168.2.7","52.114.75.79","TCP","1494","50287  >  443 [ACK] Seq=536 Ack=1 Win=1020 Len=1440 [TCP segment of a reassembled PDU]","50287","443"
"3","0.000386","192.168.2.7","52.114.75.79","TLSv1.2","1294","Application Data","50287","443"
"4","0.144028","52.114.75.79","192.168.2.7","TCP","60","443  >  50287 [ACK] Seq=1 Ack=3216 Win=1026 Len=0","443","50287"
"5","0.146054","52.114.75.79","192.168.2.7","TLSv1.2","482","Application Data","443","50287"
"6","0.146140","192.168.2.7","52.114.75.79","TCP","54","50287  >  443 [ACK] Seq=3216 Ack=429 Win=1018 Len=0","50287","443"
"7","12.807236","192.168.2.7","40.90.189.152","TLSv1.2","97","Application Data","49732","443"
"8","12.891563","40.90.189.152","192.168.2.7","TLSv1.2","179","Application Data","443","49732"
"9","12.931359","192.168.2.7","40.90.189.152","TCP","54","49732  >  443 [ACK] Seq=44 Ack=126 Win=513 Len=0","49732","443"
"10","18.956988","192.168.2.7","103.10.124.163","TLSv1.2","117","Application Data","49751","27021"
"11","19.086655","103.10.124.163","192.168.2.7","TCP","60","27021  >  49751 [ACK] Seq=1 Ack=64 Win=1025 Len=0","27021","49751"
"12","19.967256","192.168.2.7","180.151.151.151","DNS","89","Standard query 0x6d81 A clientservices.googleapis.com","57925","53"
"13","19.981151","180.151.151.151","192.168.2.7","DNS","105","Standard query response 0x6d81 A clientservices.googleapis.com A 172.217.166.35","53","57925"
"14","20.016310","192.168.2.7","172.217.166.35","TCP","66","50301  >  443 [SYN] Seq=0 Win=64240 Len=0 MSS=1460 WS=256 SACK_PERM=1","50301","443"
"15","20.016569","192.168.2.7","180.151.151.151","DNS","76","Standard query 0x882a A mtalk.google.com","49794","53"
"16","20.029324","172.217.166.35","192.168.2.7","TCP","66","443  >  50301 [SYN, ACK] Seq=0 Ack=1 Win=60720 Len=0 MSS=1380 SACK_PERM=1 WS=256","443","50301"
"17","20.029573","192.168.2.7","172.217.166.35","TCP","54","50301  >  443 [ACK] Seq=1 Ack=1 Win=131072 Len=0","50301","443"
"18","20.030161","180.151.151.151","192.168.2.7","DNS","131","Standard query response 0x882a A mtalk.google.com CNAME mobile-gtalk.l.google.com A 74.125.68.188","53","49794"
"19","20.030171","192.168.2.7","172.217.166.35","TLSv1.3","571","Client Hello","50301","443"
"20","20.031089","192.168.2.7","74.125.68.188","TCP","66","50302  >  5228 [SYN] Seq=0 Win=64240 Len=0 MSS=1460 WS=256 SACK_PERM=1","50302","5228"
"21","20.043001","172.217.166.35","192.168.2.7","TCP","54","443  >  50301 [ACK] Seq=1 Ack=518 Win=61952 Len=0","443","50301"
"22","20.049632","192.168.2.7","180.151.151.151","DNS","78","Standard query 0x431d A www.googleapis.com","61384","53"
"23","20.049688","192.168.2.7","180.151.151.151","DNS","79","Standard query 0xf2ad A accounts.google.com","64501","53"
"24","20.063174","180.151.151.151","192.168.2.7","DNS","275","Standard query response 0x431d A www.googleapis.com CNAME googleapis.l.google.com A 216.58.203.138 A 172.217.160.170 A 172.217.167.170 A 172.217.166.74 A 172.217.26.234 A 172.217.166.42 A 172.217.27.202 A 172.217.166.170 A 216.58.196.74 A 216.58.203.202","53","61384"
"25","20.063676","180.151.151.151","192.168.2.7","DNS","95","Standard query response 0xf2ad A accounts.google.com A 216.58.203.173","53","64501"
"26","20.079927","192.168.2.7","180.151.151.151","DNS","79","Standard query 0x934b A clients2.google.com","53754","53"
"27","20.080667","192.168.2.7","239.255.255.250","SSDP","216","M-SEARCH * HTTP/1.1 ","53756","1900"
"28","20.081443","192.168.2.7","180.151.151.152","DNS","79","Standard query 0xf2ad A accounts.google.com","64501","53"
"29","20.082313","192.168.2.7","180.151.151.152","DNS","78","Standard query 0x431d A www.googleapis.com","61384","53"
"30","20.093541","180.151.151.151","192.168.2.7","DNS","129","Standard query response 0x934b A clients2.google.com CNAME clients.l.google.com A 172.217.167.174","53","53754"
"31","20.094107","192.168.2.7","172.217.167.174","TCP","66","50303  >  443 [SYN] Seq=0 Win=64240 Len=0 MSS=1460 WS=256 SACK_PERM=1","50303","443"
"32","20.094534","180.151.151.152","192.168.2.7","DNS","275","Standard query response 0x431d A www.googleapis.com CNAME googleapis.l.google.com A 216.58.196.74 A 172.217.166.42 A 172.217.27.202 A 172.217.167.170 A 216.58.203.202 A 172.217.26.234 A 172.217.166.170 A 172.217.166.74 A 172.217.160.170 A 216.58.203.138","53","61384"
"33","20.095144","180.151.151.152","192.168.2.7","DNS","95","Standard query response 0xf2ad A accounts.google.com A 216.58.203.173","53","64501"
"34","20.095483","192.168.2.7","180.151.151.151","DNS","74","Standard query 0x9b17 A www.google.com","64082","53"
"35","20.103638","172.217.166.35","192.168.2.7","TLSv1.3","1484","Server Hello, Change Cipher Spec","443","50301"
"36","20.104335","172.217.166.35","192.168.2.7","TCP","1484","443  >  50301 [ACK] Seq=1431 Ack=518 Win=61952 Len=1430 [TCP segment of a reassembled PDU]","443","50301"
"37","20.104402","192.168.2.7","172.217.166.35","TCP","54","50301  >  443 [ACK] Seq=518 Ack=2861 Win=131072 Len=0","50301","443"
"38","20.104848","172.217.166.35","192.168.2.7","TLSv1.3","1112","Application Data","443","50301"
"39","20.105424","74.125.68.188","192.168.2.7","TCP","66","5228  >  50302 [SYN, ACK] Seq=0 Ack=1 Win=62920 Len=0 MSS=1430 SACK_PERM=1 WS=256","5228","50302"
"40","20.105503","192.168.2.7","74.125.68.188","TCP","54","50302  >  5228 [ACK] Seq=1 Ack=1 Win=131328 Len=0","50302","5228"
"41","20.105903","192.168.2.7","74.125.68.188","TLSv1.3","571","Client Hello","50302","5228"
"42","20.107841","172.217.167.174","192.168.2.7","TCP","66","443  >  50303 [SYN, ACK] Seq=0 Ack=1 Win=60720 Len=0 MSS=1380 SACK_PERM=1 WS=256","443","50303"
"43","20.107919","192.168.2.7","172.217.167.174","TCP","54","50303  >  443 [ACK] Seq=1 Ack=1 Win=131072 Len=0","50303","443"
"44","20.108323","192.168.2.7","172.217.167.174","TLSv1.3","571","Client Hello","50303","443"
"45","20.108998","180.151.151.151","192.168.2.7","DNS","90","Standard query response 0x9b17 A www.google.com A 216.58.196.68","53","64082"
"46","20.109808","192.168.2.7","216.58.196.68","TCP","66","50304  >  443 [SYN] Seq=0 Win=64240 Len=0 MSS=1460 WS=256 SACK_PERM=1","50304","443"
"47","20.110033","192.168.2.7","216.58.196.68","TCP","66","50305  >  443 [SYN] Seq=0 Win=64240 Len=0 MSS=1460 WS=256 SACK_PERM=1","50305","443"
"48","20.110213","192.168.2.7","216.58.196.68","TCP","66","50306  >  443 [SYN] Seq=0 Win=64240 Len=0 MSS=1460 WS=256 SACK_PERM=1","50306","443"
"49","20.111289","192.168.2.7","216.58.203.138","TCP","66","50307  >  443 [SYN] Seq=0 Win=64240 Len=0 MSS=1460 WS=256 SACK_PERM=1","50307","443"
"50","20.111483","192.168.2.7","216.58.203.138","TCP","66","50308  >  443 [SYN] Seq=0 Win=64240 Len=0 MSS=1460 WS=256 SACK_PERM=1","50308","443"
"51","20.111647","192.168.2.7","216.58.203.138","TCP","66","50309  >  443 [SYN] Seq=0 Win=64240 Len=0 MSS=1460 WS=256 SACK_PERM=1","50309","443"
"52","20.112489","192.168.2.7","216.58.203.173","TCP","66","50310  >  443 [SYN] Seq=0 Win=64240 Len=0 MSS=1460 WS=256 SACK_PERM=1","50310","443"
"53","20.121466","172.217.167.174","192.168.2.7","TCP","54","443  >  50303 [ACK] Seq=1 Ack=518 Win=61952 Len=0","443","50303"
"54","20.126016","216.58.203.138","192.168.2.7","TCP","66","443  >  50308 [SYN, ACK] Seq=0 Ack=1 Win=60720 Len=0 MSS=1380 SACK_PERM=1 WS=256","443","50308"
"55","20.126103","192.168.2.7","216.58.203.138","TCP","54","50308  >  443 [ACK] Seq=1 Ack=1 Win=131072 Len=0","50308","443"
"56","20.126495","216.58.203.138","192.168.2.7","TCP","66","443  >  50307 [SYN, ACK] Seq=0 Ack=1 Win=60720 Len=0 MSS=1380 SACK_PERM=1 WS=256","443","50307"
"57","20.126505","192.168.2.7","216.58.203.138","TLSv1.3","571","Client Hello","50308","443"
"58","20.126548","192.168.2.7","216.58.203.138","TCP","54","50307  >  443 [ACK] Seq=1 Ack=1 Win=131072 Len=0","50307","443"
"59","20.126885","192.168.2.7","216.58.203.138","TLSv1.3","571","Client Hello","50307","443"
"60","20.127381","216.58.196.68","192.168.2.7","TCP","66","443  >  50304 [SYN, ACK] Seq=0 Ack=1 Win=60720 Len=0 MSS=1380 SACK_PERM=1 WS=256","443","50304"
"61","20.127442","192.168.2.7","216.58.196.68","TCP","54","50304  >  443 [ACK] Seq=1 Ack=1 Win=131072 Len=0","50304","443"
"62","20.127808","192.168.2.7","216.58.196.68","TLSv1.3","571","Client Hello","50304","443"
"63","20.128289","216.58.203.173","192.168.2.7","TCP","66","443  >  50310 [SYN, ACK] Seq=0 Ack=1 Win=60720 Len=0 MSS=1380 SACK_PERM=1 WS=256","443","50310"
"64","20.128347","192.168.2.7","216.58.203.173","TCP","54","50310  >  443 [ACK] Seq=1 Ack=1 Win=131072 Len=0","50310","443"
"65","20.128711","192.168.2.7","216.58.203.173","TLSv1.3","571","Client Hello","50310","443"
"66","20.129703","216.58.196.68","192.168.2.7","TCP","66","443  >  50306 [SYN, ACK] Seq=0 Ack=1 Win=60720 Len=0 MSS=1380 SACK_PERM=1 WS=256","443","50306"
"67","20.129771","192.168.2.7","216.58.196.68","TCP","54","50306  >  443 [ACK] Seq=1 Ack=1 Win=131072 Len=0","50306","443"
"68","20.130128","192.168.2.7","216.58.196.68","TLSv1.3","571","Client Hello","50306","443"
"69","20.130707","216.58.203.138","192.168.2.7","TCP","66","443  >  50309 [SYN, ACK] Seq=0 Ack=1 Win=60720 Len=0 MSS=1380 SACK_PERM=1 WS=256","443","50309"
"70","20.130768","192.168.2.7","216.58.203.138","TCP","54","50309  >  443 [ACK] Seq=1 Ack=1 Win=131072 Len=0","50309","443"
"71","20.131100","192.168.2.7","216.58.203.138","TLSv1.3","571","Client Hello","50309","443"
"72","20.132332","216.58.196.68","192.168.2.7","TCP","66","443  >  50305 [SYN, ACK] Seq=0 Ack=1 Win=60720 Len=0 MSS=1380 SACK_PERM=1 WS=256","443","50305"
"73","20.132410","192.168.2.7","216.58.196.68","TCP","54","50305  >  443 [ACK] Seq=1 Ack=1 Win=131072 Len=0","50305","443"
"74","20.132748","192.168.2.7","216.58.196.68","TLSv1.3","571","Client Hello","50305","443"
"75","20.141010","216.58.203.138","192.168.2.7","TCP","54","443  >  50308 [ACK] Seq=1 Ack=518 Win=61952 Len=0","443","50308"
"76","20.144833","192.168.2.7","172.217.166.35","TCP","54","50301  >  443 [ACK] Seq=518 Ack=3919 Win=129792 Len=0","50301","443"
"77","20.145553","216.58.203.138","192.168.2.7","TCP","54","443  >  50307 [ACK] Seq=1 Ack=518 Win=61952 Len=0","443","50307"
"78","20.146157","216.58.203.173","192.168.2.7","TCP","54","443  >  50310 [ACK] Seq=1 Ack=518 Win=61952 Len=0","443","50310"
"79","20.147601","216.58.196.68","192.168.2.7","TCP","54","443  >  50304 [ACK] Seq=1 Ack=518 Win=61952 Len=0","443","50304"
"80","20.148596","216.58.203.138","192.168.2.7","TCP","54","443  >  50309 [ACK] Seq=1 Ack=518 Win=61952 Len=0","443","50309"
"81","20.151228","216.58.196.68","192.168.2.7","TCP","54","443  >  50306 [ACK] Seq=1 Ack=518 Win=61952 Len=0","443","50306"
"82","20.152264","216.58.196.68","192.168.2.7","TCP","54","443  >  50305 [ACK] Seq=1 Ack=518 Win=61952 Len=0","443","50305"
"83","20.179139","74.125.68.188","192.168.2.7","TCP","54","5228  >  50302 [ACK] Seq=1 Ack=518 Win=65792 Len=0","5228","50302"
"84","20.180441","74.125.68.188","192.168.2.7","TLSv1.3","1484","Server Hello, Change Cipher Spec","5228","50302"
"85","20.180984","74.125.68.188","192.168.2.7","TCP","1484","5228  >  50302 [ACK] Seq=1431 Ack=518 Win=65792 Len=1430 [TCP segment of a reassembled PDU]","5228","50302"
"86","20.181046","192.168.2.7","74.125.68.188","TCP","54","50302  >  5228 [ACK] Seq=518 Ack=2861 Win=131328 Len=0","50302","5228"
"87","20.181538","74.125.68.188","192.168.2.7","TLSv1.3","965","Application Data","5228","50302"
"88","20.182454","172.217.167.174","192.168.2.7","TLSv1.3","1484","Server Hello, Change Cipher Spec","443","50303"
"89","20.183032","172.217.167.174","192.168.2.7","TCP","1484","443  >  50303 [ACK] Seq=1431 Ack=518 Win=61952 Len=1430 [TCP segment of a reassembled PDU]","443","50303"
"90","20.183094","192.168.2.7","172.217.167.174","TCP","54","50303  >  443 [ACK] Seq=518 Ack=2861 Win=131072 Len=0","50303","443"
"91","20.183766","172.217.167.174","192.168.2.7","TLSv1.3","976","Application Data","443","50303"
"92","20.200595","216.58.203.138","192.168.2.7","TLSv1.3","1484","Server Hello, Change Cipher Spec","443","50308"
"93","20.201150","216.58.203.138","192.168.2.7","TCP","1484","443  >  50308 [ACK] Seq=1431 Ack=518 Win=61952 Len=1430 [TCP segment of a reassembled PDU]","443","50308"
"94","20.201211","192.168.2.7","216.58.203.138","TCP","54","50308  >  443 [ACK] Seq=518 Ack=2861 Win=131072 Len=0","50308","443"
"95","20.201696","216.58.203.138","192.168.2.7","TLSv1.3","1110","Application Data","443","50308"
"96","20.204228","192.168.2.7","74.125.68.188","TLSv1.3","118","Change Cipher Spec, Application Data","50302","5228"
"97","20.204631","216.58.203.138","192.168.2.7","TLSv1.3","1484","Server Hello, Change Cipher Spec","443","50307"
"98","20.205175","216.58.203.138","192.168.2.7","TCP","1484","443  >  50307 [ACK] Seq=1431 Ack=518 Win=61952 Len=1430 [TCP segment of a reassembled PDU]","443","50307"
"99","20.205231","192.168.2.7","216.58.203.138","TCP","54","50307  >  443 [ACK] Seq=518 Ack=2861 Win=131072 Len=0","50307","443"
"100","20.205775","216.58.203.138","192.168.2.7","TLSv1.3","1111","Application Data","443","50307"
"101","20.205926","192.168.2.7","172.217.167.174","TLSv1.3","118","Change Cipher Spec, Application Data","50303","443"
"102","20.206428","192.168.2.7","74.125.68.188","TLSv1.3","268","Application Data","50302","5228"
"103","20.206830","216.58.203.173","192.168.2.7","TLSv1.3","1484","Server Hello, Change Cipher Spec","443","50310"
"104","20.207551","192.168.2.7","172.217.166.35","TLSv1.3","118","Change Cipher Spec, Application Data","50301","443"
"105","20.208231","216.58.203.173","192.168.2.7","TCP","1484","443  >  50310 [ACK] Seq=1431 Ack=518 Win=61952 Len=1430 [TCP segment of a reassembled PDU]","443","50310"
"106","20.208301","192.168.2.7","216.58.203.173","TCP","54","50310  >  443 [ACK] Seq=518 Ack=2861 Win=131072 Len=0","50310","443"
"107","20.208382","192.168.2.7","216.58.203.138","TLSv1.3","118","Change Cipher Spec, Application Data","50308","443"
"108","20.209101","192.168.2.7","216.58.203.138","TLSv1.3","118","Change Cipher Spec, Application Data","50307","443"
"109","20.209208","216.58.203.173","192.168.2.7","TLSv1.3","241","Application Data","443","50310"
"110","20.209218","192.168.2.7","172.217.167.174","TLSv1.3","140","Application Data","50303","443"
"111","20.209641","192.168.2.7","216.58.203.138","TCP","54","50307  >  443 [FIN, ACK] Seq=582 Ack=3918 Win=129792 Len=0","50307","443"
"112","20.209928","192.168.2.7","172.217.167.174","TCP","1434","50303  >  443 [ACK] Seq=668 Ack=3783 Win=130048 Len=1380 [TCP segment of a reassembled PDU]","50303","443"
"113","20.209929","192.168.2.7","172.217.167.174","TLSv1.3","89","Application Data","50303","443"
"114","20.210052","192.168.2.7","172.217.166.35","TLSv1.3","140","Application Data","50301","443"
"115","20.210186","192.168.2.7","216.58.203.138","TLSv1.3","140","Application Data","50308","443"
"116","20.210259","192.168.2.7","216.58.203.138","TCP","54","50309  >  443 [FIN, ACK] Seq=518 Ack=1 Win=131072 Len=0","50309","443"
"117","20.210457","192.168.2.7","172.217.166.35","TLSv1.3","331","Application Data","50301","443"
"118","20.210583","192.168.2.7","216.58.203.138","TLSv1.3","310","Application Data","50308","443"
"119","20.210674","192.168.2.7","216.58.203.138","TLSv1.3","118","Application Data","50308","443"
"120","20.210753","192.168.2.7","216.58.203.138","TLSv1.3","122","Application Data","50308","443"
"121","20.210803","192.168.2.7","216.58.203.138","TLSv1.3","312","Application Data","50308","443"
"122","20.210858","192.168.2.7","216.58.203.138","TLSv1.3","312","Application Data","50308","443"
"123","20.210885","216.58.196.68","192.168.2.7","TLSv1.3","1484","Server Hello, Change Cipher Spec","443","50304"
"124","20.210900","192.168.2.7","216.58.203.138","TLSv1.3","333","Application Data","50308","443"
"125","20.212808","216.58.196.68","192.168.2.7","TLSv1.3","1247","Application Data","443","50304"
"126","20.212870","192.168.2.7","216.58.196.68","TCP","54","50304  >  443 [ACK] Seq=518 Ack=2624 Win=131072 Len=0","50304","443"
"127","20.213847","216.58.203.138","192.168.2.7","TLSv1.3","1484","Server Hello, Change Cipher Spec","443","50309"
"128","20.213933","192.168.2.7","216.58.203.138","TCP","54","50309  >  443 [RST, ACK] Seq=519 Ack=1431 Win=0 Len=0","50309","443"
"129","20.215287","216.58.203.138","192.168.2.7","TCP","1484","443  >  50309 [ACK] Seq=1431 Ack=518 Win=61952 Len=1430 [TCP segment of a reassembled PDU]","443","50309"
"130","20.216296","216.58.203.138","192.168.2.7","TLSv1.3","1110","Application Data","443","50309"
"131","20.217075","192.168.2.7","216.58.196.68","TLSv1.3","118","Change Cipher Spec, Application Data","50304","443"
"132","20.217272","192.168.2.7","216.58.196.68","TLSv1.3","140","Application Data","50304","443"
"133","20.217361","216.58.196.68","192.168.2.7","TLSv1.3","1484","Server Hello, Change Cipher Spec","443","50306"
"134","20.217366","192.168.2.7","216.58.196.68","TCP","54","50305  >  443 [FIN, ACK] Seq=518 Ack=1 Win=131072 Len=0","50305","443"
"135","20.217851","192.168.2.7","216.58.196.68","TLSv1.3","1304","Application Data","50304","443"
"136","20.217956","192.168.2.7","216.58.196.68","TLSv1.3","215","Application Data","50304","443"
"137","20.218532","216.58.196.68","192.168.2.7","TLSv1.3","1247","Application Data","443","50306"
"138","20.218595","192.168.2.7","216.58.196.68","TCP","54","50306  >  443 [ACK] Seq=518 Ack=2624 Win=131072 Len=0","50306","443"
"139","20.219370","192.168.2.7","216.58.196.68","TLSv1.3","118","Change Cipher Spec, Application Data","50306","443"
"140","20.219557","192.168.2.7","216.58.196.68","TLSv1.3","140","Application Data","50306","443"
"141","20.219722","192.168.2.7","216.58.196.68","TLSv1.3","281","Application Data","50306","443"
"142","20.220018","216.58.196.68","192.168.2.7","TLSv1.3","1484","Server Hello, Change Cipher Spec","443","50305"
"143","20.220135","192.168.2.7","216.58.196.68","TCP","54","50305  >  443 [RST, ACK] Seq=519 Ack=1431 Win=0 Len=0","50305","443"
"144","20.221399","216.58.196.68","192.168.2.7","TLSv1.3","1246","Application Data","443","50305"
"145","20.222688","172.217.167.174","192.168.2.7","TCP","54","443  >  50303 [ACK] Seq=3783 Ack=582 Win=61952 Len=0","443","50303"
"146","20.223789","172.217.166.35","192.168.2.7","TCP","54","443  >  50301 [ACK] Seq=3919 Ack=582 Win=61952 Len=0","443","50301"
"147","20.224921","172.217.167.174","192.168.2.7","TLSv1.3","618","Application Data, Application Data","443","50303"
"148","20.225025","192.168.2.7","172.217.167.174","TCP","54","50303  >  443 [ACK] Seq=2083 Ack=4347 Win=131072 Len=0","50303","443"
"149","20.225240","192.168.2.7","172.217.167.174","TLSv1.3","85","Application Data","50303","443"
"150","20.225983","172.217.166.35","192.168.2.7","TLSv1.3","618","Application Data, Application Data","443","50301"
"151","20.226035","192.168.2.7","172.217.166.35","TCP","54","50301  >  443 [ACK] Seq=945 Ack=4483 Win=131072 Len=0","50301","443"
"152","20.226183","192.168.2.7","172.217.166.35","TLSv1.3","85","Application Data","50301","443"
"153","20.227299","216.58.203.138","192.168.2.7","TCP","66","[TCP Window Update] 443  >  50308 [ACK] Seq=3917 Ack=518 Win=62976 Len=0 SLE=1314 SRE=1572","443","50308"
"154","20.228734","216.58.203.138","192.168.2.7","TCP","66","[TCP Window Update] 443  >  50308 [ACK] Seq=3917 Ack=518 Win=64000 Len=0 SLE=1314 SRE=1851","443","50308"
"155","20.229898","216.58.203.138","192.168.2.7","TCP","66","443  >  50308 [ACK] Seq=3917 Ack=582 Win=64000 Len=0 SLE=1314 SRE=1851","443","50308"
"156","20.231637","216.58.203.138","192.168.2.7","TLSv1.3","630","Application Data, Application Data","443","50308"
"157","20.231638","216.58.203.138","192.168.2.7","TCP","66","443  >  50308 [ACK] Seq=4481 Ack=668 Win=64000 Len=0 SLE=1314 SRE=1851","443","50308"
"158","20.231760","192.168.2.7","216.58.203.138","TCP","54","50308  >  443 [ACK] Seq=1851 Ack=4481 Win=131072 Len=0","50308","443"
"159","20.231941","192.168.2.7","216.58.203.138","TLSv1.3","85","Application Data","50308","443"
"160","20.232001","216.58.203.138","192.168.2.7","TLSv1.3","97","Application Data","443","50308"
"161","20.232397","172.217.167.174","192.168.2.7","TLSv1.3","85","Application Data","443","50303"
"162","20.233526","216.58.203.138","192.168.2.7","TCP","54","443  >  50307 [ACK] Seq=3918 Ack=582 Win=61952 Len=0","443","50307"
"163","20.234627","216.58.203.138","192.168.2.7","TCP","66","443  >  50308 [ACK] Seq=4512 Ack=924 Win=65024 Len=0 SLE=1314 SRE=1851","443","50308"
"164","20.234771","216.58.203.138","192.168.2.7","TLSv1.3","618","Application Data, Application Data","443","50307"
"165","20.234844","192.168.2.7","216.58.203.138","TCP","54","50307  >  443 [RST, ACK] Seq=583 Ack=4482 Win=0 Len=0","50307","443"
"166","20.235995","216.58.203.138","192.168.2.7","TCP","54","443  >  50307 [FIN, ACK] Seq=4482 Ack=583 Win=61952 Len=0","443","50307"
"167","20.236419","216.58.203.138","192.168.2.7","TCP","66","443  >  50308 [ACK] Seq=4512 Ack=988 Win=65024 Len=0 SLE=1314 SRE=1851","443","50308"
"168","20.237481","172.217.167.174","192.168.2.7","TCP","54","443  >  50303 [ACK] Seq=4378 Ack=2083 Win=64768 Len=0","443","50303"
"169","20.237562","216.58.203.138","192.168.2.7","TCP","66","443  >  50308 [ACK] Seq=4512 Ack=1056 Win=65024 Len=0 SLE=1314 SRE=1851","443","50308"
"170","20.237722","216.58.203.138","192.168.2.7","TCP","60","443  >  50308 [ACK] Seq=4512 Ack=1851 Win=66304 Len=0","443","50308"
"171","20.239165","172.217.166.35","192.168.2.7","TLSv1.3","85","Application Data","443","50301"
"172","20.240176","216.58.203.138","192.168.2.7","TCP","54","443  >  50309 [FIN, ACK] Seq=3917 Ack=519 Win=61952 Len=0","443","50309"
"173","20.241241","172.217.166.35","192.168.2.7","TCP","54","443  >  50301 [ACK] Seq=4514 Ack=945 Win=62976 Len=0","443","50301"
"174","20.241891","192.168.2.7","216.58.203.173","TLSv1.3","118","Change Cipher Spec, Application Data","50310","443"
"175","20.242057","192.168.2.7","216.58.203.173","TLSv1.3","140","Application Data","50310","443"
"176","20.242330","192.168.2.7","216.58.203.173","TCP","1434","50310  >  443 [ACK] Seq=668 Ack=3048 Win=130816 Len=1380 [TCP segment of a reassembled PDU]","50310","443"
"177","20.242331","192.168.2.7","216.58.203.173","TLSv1.3","218","Application Data","50310","443"
"178","20.242420","192.168.2.7","216.58.203.173","TLSv1.3","86","Application Data","50310","443"
"179","20.246901","216.58.203.138","192.168.2.7","TCP","60","443  >  50308 [ACK] Seq=4512 Ack=1882 Win=66304 Len=0","443","50308"
"180","20.247599","216.58.196.68","192.168.2.7","TCP","54","443  >  50304 [ACK] Seq=2624 Ack=582 Win=61952 Len=0","443","50304"
"181","20.248641","216.58.196.68","192.168.2.7","TCP","54","443  >  50304 [ACK] Seq=2624 Ack=668 Win=61952 Len=0","443","50304"
"182","20.249805","216.58.196.68","192.168.2.7","TLSv1.3","618","Application Data, Application Data","443","50304"
"183","20.250022","192.168.2.7","216.58.196.68","TLSv1.3","85","Application Data","50304","443"
"184","20.250807","216.58.196.68","192.168.2.7","TLSv1.3","85","Application Data","443","50304"
"185","20.251872","216.58.196.68","192.168.2.7","TCP","54","443  >  50305 [FIN, ACK] Seq=2623 Ack=519 Win=61952 Len=0","443","50305"
"186","20.253217","216.58.196.68","192.168.2.7","TCP","54","443  >  50304 [ACK] Seq=3219 Ack=2079 Win=67072 Len=0","443","50304"
"187","20.253923","216.58.196.68","192.168.2.7","TCP","1247","[TCP Spurious Retransmission] 443  >  50306 [PSH, ACK] Seq=1431 Ack=518 Win=61952 Len=1193[Reassembly error, protocol TCP: New fragment overlaps old data (retransmission?)]","443","50306"
"188","20.253950","192.168.2.7","216.58.196.68","TCP","66","[TCP Dup ACK 138#1] 50306  >  443 [ACK] Seq=895 Ack=2624 Win=131072 Len=0 SLE=1431 SRE=2624","50306","443"
"189","20.254464","216.58.196.68","192.168.2.7","TCP","54","443  >  50306 [ACK] Seq=2624 Ack=582 Win=61952 Len=0","443","50306"
"190","20.255201","172.217.166.35","192.168.2.7","TCP","60","443  >  50301 [ACK] Seq=4514 Ack=976 Win=62976 Len=0","443","50301"
"191","20.256144","216.58.203.173","192.168.2.7","TCP","54","443  >  50310 [ACK] Seq=3048 Ack=582 Win=61952 Len=0","443","50310"
"192","20.256144","216.58.196.68","192.168.2.7","TLSv1.3","85","[TCP Previous segment not captured] , Application Data","443","50306"
"193","20.256241","192.168.2.7","216.58.196.68","TCP","66","[TCP Dup ACK 138#2] 50306  >  443 [ACK] Seq=895 Ack=2624 Win=131072 Len=0 SLE=3188 SRE=3219","50306","443"
"194","20.259330","172.217.167.174","192.168.2.7","TCP","60","443  >  50303 [ACK] Seq=4378 Ack=2114 Win=64768 Len=0","443","50303"
"195","20.259331","216.58.203.173","192.168.2.7","TCP","54","443  >  50310 [ACK] Seq=3048 Ack=668 Win=61952 Len=0","443","50310"
"196","20.259331","216.58.203.173","192.168.2.7","TCP","60","[TCP Previous segment not captured] 443  >  50310 [ACK] Seq=3643 Ack=2244 Win=67328 Len=0","443","50310"
"197","20.259331","216.58.196.68","192.168.2.7","TCP","54","443  >  50306 [ACK] Seq=2624 Ack=668 Win=61952 Len=0","443","50306"
"198","20.259331","216.58.196.68","192.168.2.7","TCP","54","443  >  50306 [ACK] Seq=2624 Ack=895 Win=62976 Len=0","443","50306"
"199","20.259719","216.58.196.68","192.168.2.7","TLSv1.3","618","[TCP Fast Retransmission] , Application Data, Application Data","443","50306"
"200","20.259783","192.168.2.7","216.58.196.68","TCP","54","50306  >  443 [ACK] Seq=895 Ack=3219 Win=130304 Len=0","50306","443"
"201","20.260019","192.168.2.7","216.58.196.68","TLSv1.3","85","Application Data","50306","443"
"202","20.261042","216.58.203.173","192.168.2.7","TCP","618","[TCP Out-Of-Order] 443  >  50310 [PSH, ACK] Seq=3048 Ack=668 Win=61952 Len=564","443","50310"
"203","20.261249","192.168.2.7","216.58.203.173","TLSv1.3","85","Application Data","50310","443"
"204","20.261880","216.58.203.173","192.168.2.7","TCP","85","[TCP Retransmission] 443  >  50310 [PSH, ACK] Seq=3612 Ack=2048 Win=64768 Len=31","443","50310"
"205","20.269624","216.58.196.68","192.168.2.7","TCP","60","443  >  50304 [ACK] Seq=3219 Ack=2110 Win=67072 Len=0","443","50304"
"206","20.272988","192.168.2.7","172.217.167.174","TCP","54","50303  >  443 [ACK] Seq=2114 Ack=4378 Win=130816 Len=0","50303","443"
"207","20.274423","192.168.2.7","216.58.203.138","TCP","54","50308  >  443 [ACK] Seq=1882 Ack=4512 Win=130816 Len=0","50308","443"
"208","20.276427","216.58.203.173","192.168.2.7","TCP","60","443  >  50310 [ACK] Seq=3643 Ack=2275 Win=67328 Len=0","443","50310"
"209","20.278478","216.58.196.68","192.168.2.7","TCP","60","443  >  50306 [ACK] Seq=3219 Ack=926 Win=62976 Len=0","443","50306"
"210","20.279161","192.168.2.7","172.217.166.35","TCP","54","50301  >  443 [ACK] Seq=976 Ack=4514 Win=130816 Len=0","50301","443"
"211","20.294350","192.168.2.7","216.58.196.68","TCP","54","50304  >  443 [ACK] Seq=2110 Ack=3219 Win=130304 Len=0","50304","443"
"212","20.304332","192.168.2.7","216.58.203.173","TCP","54","50310  >  443 [ACK] Seq=2275 Ack=3643 Win=130304 Len=0","50310","443"
"213","20.318496","192.168.2.7","216.58.203.138","UDP","1392","64083  >  443 Len=1350","64083","443"
"214","20.322350","74.125.68.188","192.168.2.7","TCP","54","5228  >  50302 [ACK] Seq=3772 Ack=796 Win=67072 Len=0","5228","50302"
"215","20.322431","216.58.203.138","192.168.2.7","TLSv1.3","305","Application Data","443","50308"
"216","20.322532","216.58.203.138","192.168.2.7","TLSv1.3","1056","Application Data, Application Data","443","50308"
"217","20.322584","192.168.2.7","216.58.203.138","TCP","54","50308  >  443 [ACK] Seq=1882 Ack=5765 Win=129792 Len=0","50308","443"
"218","20.322701","216.58.203.138","192.168.2.7","TLSv1.3","147","Application Data","443","50308"
"219","20.322701","216.58.203.138","192.168.2.7","TLSv1.3","1168","Application Data","443","50308"
"220","20.322702","216.58.203.138","192.168.2.7","TLSv1.3","334","Application Data","443","50308"
"221","20.322765","192.168.2.7","216.58.203.138","TCP","54","50308  >  443 [ACK] Seq=1882 Ack=7252 Win=131072 Len=0","50308","443"
"222","20.323533","74.125.68.188","192.168.2.7","TLSv1.3","567","Application Data, Application Data","5228","50302"
"223","20.323805","216.58.203.138","192.168.2.7","TLSv1.3","130","Application Data","443","50308"
"224","20.323846","192.168.2.7","216.58.203.138","TCP","54","50308  >  443 [ACK] Seq=1882 Ack=7328 Win=130816 Len=0","50308","443"
"225","20.323988","216.58.203.138","192.168.2.7","TLSv1.3","1014","Application Data","443","50308"
"226","20.324064","216.58.203.138","192.168.2.7","TLSv1.3","100","Application Data","443","50308"
"227","20.324087","192.168.2.7","216.58.203.138","TCP","54","50308  >  443 [ACK] Seq=1882 Ack=8334 Win=129792 Len=0","50308","443"
"228","20.326784","192.168.2.7","216.58.203.138","TLSv1.3","93","Application Data","50308","443"
"229","20.328279","74.125.68.188","192.168.2.7","TLSv1.3","166","Application Data","5228","50302"
"230","20.328391","192.168.2.7","74.125.68.188","TCP","54","50302  >  5228 [ACK] Seq=796 Ack=4397 Win=131328 Len=0","50302","5228"
"231","20.330883","74.125.68.188","192.168.2.7","TLSv1.3","266","Application Data","5228","50302"
"232","20.334760","216.58.203.173","192.168.2.7","TLSv1.3","805","Application Data","443","50310"
"233","20.334761","216.58.203.173","192.168.2.7","TLSv1.3","395","Application Data","443","50310"
"234","20.334866","192.168.2.7","216.58.203.173","TCP","54","50310  >  443 [ACK] Seq=2275 Ack=4735 Win=131072 Len=0","50310","443"
"235","20.336237","216.58.196.68","192.168.2.7","TLSv1.3","295","Application Data","443","50306"
"236","20.336237","216.58.196.68","192.168.2.7","TLSv1.3","149","Application Data, Application Data","443","50306"
"237","20.336332","192.168.2.7","216.58.196.68","TCP","54","50306  >  443 [ACK] Seq=926 Ack=3555 Win=130048 Len=0","50306","443"
"238","20.336766","216.58.196.68","192.168.2.7","TLSv1.3","93","Application Data","443","50306"
"239","20.336836","216.58.203.173","192.168.2.7","TLSv1.3","310","Application Data","443","50310"
"240","20.336998","192.168.2.7","216.58.196.68","TLSv1.3","93","Application Data","50306","443"
"241","20.338421","216.58.203.173","192.168.2.7","TLSv1.3","304","Application Data","443","50310"
"242","20.338421","216.58.203.173","192.168.2.7","TLSv1.3","93","Application Data","443","50310"
"243","20.338516","192.168.2.7","216.58.203.173","TCP","54","50310  >  443 [ACK] Seq=2275 Ack=5280 Win=130304 Len=0","50310","443"
"244","20.338985","216.58.203.138","192.168.2.7","TCP","60","443  >  50308 [ACK] Seq=8334 Ack=1921 Win=66304 Len=0","443","50308"
"245","20.339556","192.168.2.7","216.58.203.173","TLSv1.3","93","Application Data","50310","443"
"246","20.345172","216.58.196.68","192.168.2.7","TLSv1.3","439","Application Data","443","50304"
"247","20.345174","216.58.196.68","192.168.2.7","TLSv1.3","242","Application Data, Application Data, Application Data","443","50304"
"248","20.345176","216.58.196.68","192.168.2.7","TLSv1.3","93","Application Data","443","50304"
"249","20.345354","192.168.2.7","216.58.196.68","TCP","54","50304  >  443 [ACK] Seq=2110 Ack=3831 Win=129792 Len=0","50304","443"
"250","20.345760","192.168.2.7","216.58.196.68","TLSv1.3","93","Application Data","50304","443"
"251","20.350066","216.58.203.173","192.168.2.7","TCP","60","443  >  50310 [ACK] Seq=5280 Ack=2314 Win=67328 Len=0","443","50310"
"252","20.350906","216.58.196.68","192.168.2.7","TCP","60","443  >  50306 [ACK] Seq=3594 Ack=965 Win=62976 Len=0","443","50306"
"253","20.358756","216.58.203.138","192.168.2.7","UDP","78","443  >  64083 Len=36","443","64083"
"254","20.361717","216.58.196.68","192.168.2.7","TCP","60","443  >  50304 [ACK] Seq=3831 Ack=2149 Win=67072 Len=0","443","50304"
"255","20.363782","192.168.2.7","216.58.203.138","TLSv1.3","121","Application Data","50308","443"
"256","20.363950","192.168.2.7","216.58.203.138","TLSv1.3","257","Application Data","50308","443"
"257","20.371879","192.168.2.7","74.125.68.188","TCP","54","50302  >  5228 [ACK] Seq=796 Ack=4609 Win=131328 Len=0","50302","5228"
"258","20.374634","216.58.203.138","192.168.2.7","TCP","60","443  >  50308 [ACK] Seq=8334 Ack=2191 Win=67328 Len=0","443","50308"
"259","20.380968","192.168.2.7","216.58.203.138","TLSv1.3","303","Application Data","50308","443"
"260","20.393335","216.58.203.138","192.168.2.7","UDP","1392","443  >  64083 Len=1350","443","64083"
"261","20.396186","216.58.203.138","192.168.2.7","UDP","1392","443  >  64083 Len=1350","443","64083"
"262","20.396186","216.58.203.138","192.168.2.7","TCP","60","443  >  50308 [ACK] Seq=8334 Ack=2440 Win=68352 Len=0","443","50308"
"263","20.397021","216.58.196.68","192.168.2.7","TLSv1.3","357","Application Data","443","50304"
"264","20.397144","192.168.2.7","216.58.203.138","UDP","78","64083  >  443 Len=36","64083","443"
"265","20.397330","216.58.196.68","192.168.2.7","TLSv1.3","1484","Application Data","443","50304"
"266","20.397331","216.58.196.68","192.168.2.7","TLSv1.3","1484","Application Data","443","50304"
"267","20.397401","192.168.2.7","216.58.196.68","TCP","54","50304  >  443 [ACK] Seq=2149 Ack=6994 Win=131072 Len=0","50304","443"
"268","20.397513","216.58.196.68","192.168.2.7","TLSv1.3","1484","Application Data","443","50304"
"269","20.397552","192.168.2.7","216.58.196.68","TCP","54","50304  >  443 [ACK] Seq=2149 Ack=8424 Win=131072 Len=0","50304","443"
"270","20.398582","216.58.196.68","192.168.2.7","TLSv1.3","1484","Application Data","443","50304"
"271","20.398583","216.58.196.68","192.168.2.7","TLSv1.3","1468","Application Data","443","50304"
"272","20.398679","192.168.2.7","216.58.196.68","TCP","54","50304  >  443 [ACK] Seq=2149 Ack=11268 Win=131072 Len=0","50304","443"
"273","20.400661","192.168.2.7","216.58.203.138","UDP","1392","64083  >  443 Len=1350","64083","443"
"274","20.409576","216.58.196.68","192.168.2.7","TLSv1.3","1484","Application Data","443","50304"
"275","20.409836","216.58.196.68","192.168.2.7","TLSv1.3","1484","Application Data","443","50304"
"276","20.409837","216.58.196.68","192.168.2.7","TLSv1.3","1484","Application Data","443","50304"
"277","20.409911","192.168.2.7","216.58.196.68","TCP","54","50304  >  443 [ACK] Seq=2149 Ack=15558 Win=131072 Len=0","50304","443"
"278","20.410817","216.58.196.68","192.168.2.7","TLSv1.3","1484","Application Data","443","50304"
"279","20.410817","216.58.196.68","192.168.2.7","TLSv1.3","1484","Application Data","443","50304"
"280","20.410904","192.168.2.7","216.58.196.68","TCP","54","50304  >  443 [ACK] Seq=2149 Ack=18418 Win=131072 Len=0","50304","443"
"281","20.411680","216.58.196.68","192.168.2.7","TLSv1.3","1237","Application Data","443","50304"
"282","20.411776","192.168.2.7","216.58.196.68","TCP","54","50304  >  443 [ACK] Seq=2149 Ack=19601 Win=129792 Len=0","50304","443"
"283","20.435563","216.58.196.68","192.168.2.7","TLSv1.3","1484","Application Data","443","50304"
"284","20.435564","216.58.196.68","192.168.2.7","TLSv1.3","1484","Application Data","443","50304"
"285","20.435682","192.168.2.7","216.58.196.68","TCP","54","50304  >  443 [ACK] Seq=2149 Ack=22461 Win=131072 Len=0","50304","443"
"286","20.436065","216.58.196.68","192.168.2.7","TLSv1.3","1484","Application Data","443","50304"
"287","20.436068","216.58.196.68","192.168.2.7","TLSv1.3","1484","Application Data","443","50304"
"288","20.436068","216.58.196.68","192.168.2.7","TLSv1.3","1484","Application Data","443","50304"
"289","20.436069","216.58.196.68","192.168.2.7","TLSv1.3","1484","Application Data","443","50304"
"290","20.436174","192.168.2.7","216.58.196.68","TCP","54","50304  >  443 [ACK] Seq=2149 Ack=28181 Win=131072 Len=0","50304","443"
"291","20.436765","216.58.196.68","192.168.2.7","TLSv1.3","1484","Application Data","443","50304"
"292","20.436765","216.58.196.68","192.168.2.7","TLSv1.3","1484","Application Data","443","50304"
"293","20.436832","192.168.2.7","216.58.196.68","TCP","54","50304  >  443 [ACK] Seq=2149 Ack=31041 Win=131072 Len=0","50304","443"
"294","20.438134","216.58.196.68","192.168.2.7","TLSv1.3","1484","Application Data","443","50304"
"295","20.438135","216.58.196.68","192.168.2.7","TLSv1.3","1484","Application Data","443","50304"
"296","20.438219","192.168.2.7","216.58.196.68","TCP","54","50304  >  443 [ACK] Seq=2149 Ack=33901 Win=131072 Len=0","50304","443"
"297","20.438962","216.58.196.68","192.168.2.7","TLSv1.3","1484","Application Data","443","50304"
"298","20.438963","216.58.196.68","192.168.2.7","TLSv1.3","981","Application Data","443","50304"
"299","20.439037","192.168.2.7","216.58.196.68","TCP","54","50304  >  443 [ACK] Seq=2149 Ack=36258 Win=131072 Len=0","50304","443"
"300","20.439085","216.58.203.138","192.168.2.7","UDP","78","443  >  64083 Len=36","443","64083"
"301","20.445838","172.217.166.35","192.168.2.7","TLSv1.3","219","Application Data","443","50301"
"302","20.447363","172.217.166.35","192.168.2.7","TLSv1.3","85","Application Data","443","50301"
"303","20.447437","192.168.2.7","172.217.166.35","TCP","54","50301  >  443 [ACK] Seq=976 Ack=4710 Win=130816 Len=0","50301","443"
"304","20.447497","172.217.166.35","192.168.2.7","TLSv1.3","93","Application Data","443","50301"
"305","20.447709","192.168.2.7","172.217.166.35","TLSv1.3","93","Application Data","50301","443"
"306","20.450315","216.58.196.68","192.168.2.7","TLSv1.3","1484","Application Data","443","50304"
"307","20.450619","216.58.196.68","192.168.2.7","TLSv1.3","1484","Application Data","443","50304"
"308","20.450620","216.58.196.68","192.168.2.7","TLSv1.3","1484","Application Data","443","50304"
"309","20.450689","192.168.2.7","216.58.196.68","TCP","54","50304  >  443 [ACK] Seq=2149 Ack=40548 Win=131072 Len=0","50304","443"
"310","20.451751","216.58.196.68","192.168.2.7","TLSv1.3","1484","Application Data","443","50304"
"311","20.451753","216.58.196.68","192.168.2.7","TLSv1.3","1484","Application Data","443","50304"
"312","20.451825","192.168.2.7","216.58.196.68","TCP","54","50304  >  443 [ACK] Seq=2149 Ack=43408 Win=131072 Len=0","50304","443"
"313","20.452931","216.58.196.68","192.168.2.7","TLSv1.3","1484","Application Data","443","50304"
"314","20.452932","216.58.196.68","192.168.2.7","TLSv1.3","1484","Application Data","443","50304"
"315","20.453026","192.168.2.7","216.58.196.68","TCP","54","50304  >  443 [ACK] Seq=2149 Ack=46268 Win=131072 Len=0","50304","443"
"316","20.453829","216.58.196.68","192.168.2.7","TLSv1.3","1484","Application Data","443","50304"
"317","20.453831","216.58.196.68","192.168.2.7","TLSv1.3","564","Application Data, Application Data, Application Data","443","50304"
"318","20.453904","192.168.2.7","216.58.196.68","TCP","54","50304  >  443 [ACK] Seq=2149 Ack=48208 Win=131072 Len=0","50304","443"
"319","20.454105","192.168.2.7","216.58.196.68","TLSv1.3","93","Application Data","50304","443"
"320","20.455456","216.58.203.138","192.168.2.7","TLSv1.3","130","Application Data","443","50308"
"321","20.455457","216.58.203.138","192.168.2.7","TLSv1.3","1128","Application Data","443","50308"
"322","20.455559","192.168.2.7","216.58.203.138","TCP","54","50308  >  443 [ACK] Seq=2440 Ack=9484 Win=131072 Len=0","50308","443"
"323","20.455619","216.58.203.138","192.168.2.7","TLSv1.3","138","Application Data","443","50308"
"324","20.455716","216.58.203.138","192.168.2.7","TLSv1.3","93","Application Data","443","50308"
"325","20.455739","192.168.2.7","216.58.203.138","TCP","54","50308  >  443 [ACK] Seq=2440 Ack=9607 Win=130816 Len=0","50308","443"
"326","20.457112","172.217.167.174","192.168.2.7","TLSv1.3","534","Application Data","443","50303"
"327","20.457251","192.168.2.7","216.58.203.138","TLSv1.3","93","Application Data","50308","443"
"328","20.458741","172.217.166.35","192.168.2.7","TCP","60","443  >  50301 [ACK] Seq=4749 Ack=1015 Win=62976 Len=0","443","50301"
"329","20.460075","172.217.167.174","192.168.2.7","TLSv1.3","807","Application Data","443","50303"
"330","20.460075","172.217.167.174","192.168.2.7","TLSv1.3","196","Application Data","443","50303"
"331","20.460076","172.217.167.174","192.168.2.7","TLSv1.3","93","Application Data","443","50303"
"332","20.460179","192.168.2.7","172.217.167.174","TCP","54","50303  >  443 [ACK] Seq=2114 Ack=5792 Win=131072 Len=0","50303","443"
"333","20.460625","192.168.2.7","172.217.167.174","TLSv1.3","93","Application Data","50303","443"
"334","20.462643","192.168.2.7","180.151.151.151","DNS","94","Standard query 0xb2e8 A oauthaccountmanager.googleapis.com","62361","53"
"335","20.468406","216.58.203.138","192.168.2.7","TCP","60","443  >  50308 [ACK] Seq=9607 Ack=2479 Win=68352 Len=0","443","50308"
"336","20.472406","216.58.196.68","192.168.2.7","TCP","60","443  >  50304 [ACK] Seq=48208 Ack=2188 Win=67072 Len=0","443","50304"
"337","20.473710","216.58.203.138","192.168.2.7","UDP","1392","443  >  64083 Len=1350","443","64083"
"338","20.474143","192.168.2.7","216.58.203.138","UDP","89","64083  >  443 Len=47","64083","443"
"339","20.474183","216.58.203.138","192.168.2.7","UDP","73","443  >  64083 Len=31","443","64083"
"340","20.475385","172.217.167.174","192.168.2.7","TCP","60","443  >  50303 [ACK] Seq=5792 Ack=2153 Win=64768 Len=0","443","50303"
"341","20.475987","180.151.151.151","192.168.2.7","DNS","291","Standard query response 0xb2e8 A oauthaccountmanager.googleapis.com CNAME googleapis.l.google.com A 172.217.167.170 A 172.217.166.74 A 216.58.203.138 A 172.217.27.202 A 172.217.166.42 A 172.217.26.234 A 172.217.160.170 A 216.58.196.74 A 172.217.166.170 A 216.58.203.202","53","62361"
"342","20.476970","216.58.203.138","192.168.2.7","TLSv1.3","229","Application Data","443","50308"
"343","20.477139","216.58.203.138","192.168.2.7","TLSv1.3","430","Application Data","443","50308"
"344","20.477181","192.168.2.7","216.58.203.138","TCP","54","50308  >  443 [ACK] Seq=2479 Ack=10158 Win=130304 Len=0","50308","443"
"345","20.477249","216.58.203.138","192.168.2.7","TLSv1.3","178","Application Data","443","50308"
"346","20.477249","216.58.203.138","192.168.2.7","TLSv1.3","93","Application Data","443","50308"
"347","20.477282","192.168.2.7","216.58.203.138","TCP","54","50308  >  443 [ACK] Seq=2479 Ack=10321 Win=130048 Len=0","50308","443"
"348","20.477895","192.168.2.7","216.58.203.138","TLSv1.3","93","Application Data","50308","443"
"349","20.478941","192.168.2.7","216.58.203.138","UDP","596","64083  >  443 Len=554","64083","443"
"350","20.480339","192.168.2.7","216.58.203.138","UDP","953","64083  >  443 Len=911","64083","443"
"351","20.482156","192.168.2.7","216.58.203.138","UDP","296","64083  >  443 Len=254","64083","443"
"352","20.491599","216.58.203.138","192.168.2.7","UDP","62","443  >  64083 Len=20","443","64083"
"353","20.493872","216.58.203.138","192.168.2.7","TCP","60","443  >  50308 [ACK] Seq=10321 Ack=2518 Win=68352 Len=0","443","50308"
"354","20.494840","216.58.203.138","192.168.2.7","UDP","62","443  >  64083 Len=20","443","64083"
"355","20.566529","216.58.203.138","192.168.2.7","UDP","311","443  >  64083 Len=269","443","64083"
"356","20.566529","216.58.203.138","192.168.2.7","UDP","664","443  >  64083 Len=622","443","64083"
"357","20.566530","216.58.203.138","192.168.2.7","UDP","459","443  >  64083 Len=417","443","64083"
"358","20.566530","216.58.203.138","192.168.2.7","UDP","312","443  >  64083 Len=270","443","64083"
"359","20.566786","192.168.2.7","216.58.203.138","UDP","73","64083  >  443 Len=31","64083","443"
"360","20.567019","192.168.2.7","216.58.203.138","UDP","70","64083  >  443 Len=28","64083","443"
"361","20.567168","192.168.2.7","216.58.203.138","UDP","70","64083  >  443 Len=28","64083","443"
"362","20.584186","216.58.203.138","192.168.2.7","UDP","310","443  >  64083 Len=268","443","64083"
"363","20.584186","216.58.203.138","192.168.2.7","UDP","121","443  >  64083 Len=79","443","64083"
"364","20.584477","192.168.2.7","216.58.203.138","UDP","70","64083  >  443 Len=28","64083","443"
"365","20.586027","192.168.2.7","216.58.203.138","UDP","379","64083  >  443 Len=337","64083","443"
"366","20.588384","192.168.2.7","216.58.203.138","UDP","298","64083  >  443 Len=256","64083","443"
"367","20.600863","216.58.203.138","192.168.2.7","UDP","62","443  >  64083 Len=20","443","64083"
"368","20.672649","216.58.203.138","192.168.2.7","UDP","408","443  >  64083 Len=366","443","64083"
"369","20.672651","216.58.203.138","192.168.2.7","UDP","230","443  >  64083 Len=188","443","64083"
"370","20.673081","192.168.2.7","216.58.203.138","UDP","70","64083  >  443 Len=28","64083","443"
"371","20.685110","216.58.203.138","192.168.2.7","UDP","292","443  >  64083 Len=250","443","64083"
"372","20.685202","216.58.203.138","192.168.2.7","UDP","107","443  >  64083 Len=65","443","64083"
"373","20.685360","192.168.2.7","216.58.203.138","UDP","70","64083  >  443 Len=28","64083","443"
"374","20.686974","192.168.2.7","216.58.203.138","UDP","376","64083  >  443 Len=334","64083","443"
"375","20.725546","216.58.203.138","192.168.2.7","UDP","62","443  >  64083 Len=20","443","64083"
"376","20.773290","216.58.203.138","192.168.2.7","UDP","404","443  >  64083 Len=362","443","64083"
"377","20.773291","216.58.203.138","192.168.2.7","UDP","249","443  >  64083 Len=207","443","64083"
"378","20.773866","192.168.2.7","216.58.203.138","UDP","70","64083  >  443 Len=28","64083","443"
"379","20.805125","192.168.2.7","216.58.196.68","UDP","1392","62362  >  443 Len=1350","62362","443"
"380","20.839391","192.168.2.7","216.58.196.68","UDP","1392","62362  >  443 Len=1350","62362","443"
"381","20.841564","192.168.2.7","216.58.196.68","TLSv1.3","203","Application Data","50304","443"
"382","20.848727","216.58.196.68","192.168.2.7","UDP","78","443  >  62362 Len=36","443","62362"
"383","20.856184","216.58.196.68","192.168.2.7","TCP","60","443  >  50304 [ACK] Seq=48208 Ack=2337 Win=69632 Len=0","443","50304"
"384","20.882645","216.58.196.68","192.168.2.7","UDP","78","443  >  62362 Len=36","443","62362"
"385","20.883206","216.58.196.68","192.168.2.7","UDP","1392","443  >  62362 Len=1350","443","62362"
"386","20.883784","216.58.196.68","192.168.2.7","UDP","1392","443  >  62362 Len=1350","443","62362"
"387","20.884646","192.168.2.7","216.58.196.68","UDP","78","62362  >  443 Len=36","62362","443"
"388","20.886701","192.168.2.7","216.58.196.68","UDP","1392","62362  >  443 Len=1350","62362","443"
"389","20.915776","192.168.2.7","180.151.151.151","DNS","77","Standard query 0x4b4e A fonts.gstatic.com","57127","53"
"390","20.928251","180.151.151.151","192.168.2.7","DNS","132","Standard query response 0x4b4e A fonts.gstatic.com CNAME gstaticadssl.l.google.com A 172.217.166.35","53","57127"
"391","20.928846","216.58.196.68","192.168.2.7","UDP","78","443  >  62362 Len=36","443","62362"
"392","20.929377","192.168.2.7","172.217.166.35","UDP","1392","57128  >  443 Len=1350","57128","443"
"393","20.938395","216.58.196.68","192.168.2.7","TLSv1.3","263","Application Data","443","50304"
"394","20.938395","216.58.196.68","192.168.2.7","TLSv1.3","139","Application Data, Application Data","443","50304"
"395","20.938396","216.58.196.68","192.168.2.7","TLSv1.3","93","Application Data","443","50304"
"396","20.938510","192.168.2.7","216.58.196.68","TCP","54","50304  >  443 [ACK] Seq=2337 Ack=48541 Win=130560 Len=0","50304","443"
"397","20.938783","192.168.2.7","216.58.196.68","TLSv1.3","93","Application Data","50304","443"
"398","20.960593","216.58.196.68","192.168.2.7","TCP","60","443  >  50304 [ACK] Seq=48541 Ack=2376 Win=69632 Len=0","443","50304"
"399","20.964989","216.58.196.68","192.168.2.7","UDP","1392","443  >  62362 Len=1350","443","62362"
"400","20.965348","192.168.2.7","216.58.196.68","UDP","89","62362  >  443 Len=47","62362","443"
"401","20.965434","216.58.196.68","192.168.2.7","UDP","73","443  >  62362 Len=31","443","62362"
"402","20.969763","172.217.166.35","192.168.2.7","UDP","78","443  >  57128 Len=36","443","57128"
"403","20.990730","192.168.2.7","216.58.196.68","UDP","70","62362  >  443 Len=28","62362","443"
"404","21.004444","172.217.166.35","192.168.2.7","UDP","1392","443  >  57128 Len=1350","443","57128"
"405","21.004985","172.217.166.35","192.168.2.7","UDP","1392","443  >  57128 Len=1350","443","57128"
"406","21.005846","192.168.2.7","172.217.166.35","UDP","78","57128  >  443 Len=36","57128","443"
"407","21.006886","216.58.196.68","192.168.2.7","UDP","62","443  >  62362 Len=20","443","62362"
"408","21.007656","192.168.2.7","172.217.166.35","UDP","1392","57128  >  443 Len=1350","57128","443"
"409","21.047515","172.217.166.35","192.168.2.7","UDP","78","443  >  57128 Len=36","443","57128"
"410","21.052703","192.168.2.7","216.58.203.138","UDP","338","64083  >  443 Len=296","64083","443"
"411","21.057545","192.168.2.7","172.217.167.174","UDP","1392","57130  >  443 Len=1350","57130","443"
"412","21.069556","192.168.2.7","216.58.203.138","UDP","346","64083  >  443 Len=304","64083","443"
"413","21.080944","192.168.2.7","239.255.255.250","SSDP","216","M-SEARCH * HTTP/1.1 ","53756","1900"
"414","21.081467","216.58.203.138","192.168.2.7","UDP","62","443  >  64083 Len=20","443","64083"
"415","21.082533","172.217.166.35","192.168.2.7","UDP","1392","443  >  57128 Len=1350","443","57128"
"416","21.082887","192.168.2.7","172.217.166.35","UDP","89","57128  >  443 Len=47","57128","443"
"417","21.083022","172.217.166.35","192.168.2.7","UDP","73","443  >  57128 Len=31","443","57128"
"418","21.097402","172.217.167.174","192.168.2.7","UDP","78","443  >  57130 Len=36","443","57130"
"419","21.108294","192.168.2.7","172.217.166.35","UDP","70","57128  >  443 Len=28","57128","443"
"420","21.112666","192.168.2.7","172.217.167.174","TLSv1.3","942","Application Data","50303","443"
"421","21.120183","172.217.166.35","192.168.2.7","UDP","62","443  >  57128 Len=20","443","57128"
"422","21.123953","172.217.167.174","192.168.2.7","TCP","60","443  >  50303 [ACK] Seq=5792 Ack=3041 Win=67328 Len=0","443","50303"
"423","21.132393","172.217.167.174","192.168.2.7","UDP","1392","443  >  57130 Len=1350","443","57130"
"424","21.133042","172.217.167.174","192.168.2.7","UDP","1392","443  >  57130 Len=1350","443","57130"
"425","21.134287","192.168.2.7","172.217.167.174","UDP","78","57130  >  443 Len=36","57130","443"
"426","21.136171","192.168.2.7","172.217.167.174","UDP","1392","57130  >  443 Len=1350","57130","443"
"427","21.141728","216.58.203.138","192.168.2.7","UDP","427","443  >  64083 Len=385","443","64083"
"428","21.141729","216.58.203.138","192.168.2.7","UDP","118","443  >  64083 Len=76","443","64083"
"429","21.141979","192.168.2.7","216.58.203.138","UDP","70","64083  >  443 Len=28","64083","443"
"430","21.160324","216.58.203.138","192.168.2.7","UDP","405","443  >  64083 Len=363","443","64083"
"431","21.160324","216.58.203.138","192.168.2.7","UDP","221","443  >  64083 Len=179","443","64083"
"432","21.160572","192.168.2.7","216.58.203.138","UDP","70","64083  >  443 Len=28","64083","443"
"433","21.174508","172.217.167.174","192.168.2.7","UDP","78","443  >  57130 Len=36","443","57130"
"434","21.208217","172.217.167.174","192.168.2.7","UDP","1392","443  >  57130 Len=1350","443","57130"
"435","21.208678","172.217.167.174","192.168.2.7","UDP","73","443  >  57130 Len=31","443","57130"
"436","21.211873","192.168.2.7","172.217.167.174","UDP","89","57130  >  443 Len=47","57130","443"
"437","21.237909","192.168.2.7","172.217.167.174","UDP","70","57130  >  443 Len=28","57130","443"
"438","21.251792","172.217.167.174","192.168.2.7","UDP","62","443  >  57130 Len=20","443","57130"
"439","21.349164","172.217.167.174","192.168.2.7","TLSv1.3","286","Application Data","443","50303"
"440","21.355699","172.217.167.174","192.168.2.7","TLSv1.3","603","Application Data","443","50303"
"441","21.355876","192.168.2.7","172.217.167.174","TCP","54","50303  >  443 [ACK] Seq=3041 Ack=6573 Win=130304 Len=0","50303","443"
"442","21.359806","172.217.167.174","192.168.2.7","TLSv1.3","122","Application Data","443","50303"
"443","21.359809","172.217.167.174","192.168.2.7","TLSv1.3","93","Application Data","443","50303"
"444","21.359928","192.168.2.7","172.217.167.174","TCP","54","50303  >  443 [ACK] Seq=3041 Ack=6680 Win=130048 Len=0","50303","443"
"445","21.360336","192.168.2.7","172.217.167.174","TLSv1.3","93","Application Data","50303","443"
"446","21.371281","172.217.167.174","192.168.2.7","TCP","60","443  >  50303 [ACK] Seq=6680 Ack=3080 Win=67328 Len=0","443","50303"
"447","21.574330","192.168.2.7","180.151.151.151","DNS","75","Standard query 0xe466 A docs.google.com","59292","53"
"448","21.586416","180.151.151.151","192.168.2.7","DNS","91","Standard query response 0xe466 A docs.google.com A 216.58.203.142","53","59292"
"449","21.587540","192.168.2.7","216.58.203.142","UDP","1392","59293  >  443 Len=1350","59293","443"
"450","21.628114","216.58.203.142","192.168.2.7","UDP","78","443  >  59293 Len=36","443","59293"
"451","21.631958","192.168.2.7","180.151.151.151","DNS","75","Standard query 0x2007 A ssl.gstatic.com","51657","53"
"452","21.644639","192.168.2.7","216.58.203.142","TCP","66","50311  >  443 [SYN] Seq=0 Win=64240 Len=0 MSS=1460 WS=256 SACK_PERM=1","50311","443"
"453","21.645064","180.151.151.151","192.168.2.7","DNS","91","Standard query response 0x2007 A ssl.gstatic.com A 216.58.199.131","53","51657"
"454","21.646690","192.168.2.7","216.58.199.131","UDP","1392","51658  >  443 Len=1350","51658","443"
"455","21.659356","216.58.203.142","192.168.2.7","TCP","66","443  >  50311 [SYN, ACK] Seq=0 Ack=1 Win=60720 Len=0 MSS=1380 SACK_PERM=1 WS=256","443","50311"
"456","21.659529","192.168.2.7","216.58.203.142","TCP","54","50311  >  443 [ACK] Seq=1 Ack=1 Win=131072 Len=0","50311","443"
"457","21.660068","192.168.2.7","216.58.203.142","TLSv1.3","571","Client Hello","50311","443"
"458","21.663554","216.58.203.142","192.168.2.7","UDP","1392","443  >  59293 Len=1350","443","59293"
"459","21.664066","216.58.203.142","192.168.2.7","UDP","1392","443  >  59293 Len=1350","443","59293"
"460","21.665164","192.168.2.7","216.58.203.142","UDP","78","59293  >  443 Len=36","59293","443"
"461","21.668574","192.168.2.7","216.58.203.142","UDP","1392","59293  >  443 Len=1350","59293","443"
"462","21.669976","192.168.2.7","216.58.203.142","UDP","923","59293  >  443 Len=881","59293","443"
"463","21.673128","216.58.203.142","192.168.2.7","TCP","54","443  >  50311 [ACK] Seq=1 Ack=518 Win=61952 Len=0","443","50311"
"464","21.692899","216.58.199.131","192.168.2.7","UDP","78","443  >  51658 Len=36","443","51658"
"465","21.705765","216.58.203.142","192.168.2.7","UDP","78","443  >  59293 Len=36","443","59293"
"466","21.710667","192.168.2.7","216.58.199.131","TCP","66","50312  >  443 [SYN] Seq=0 Win=64240 Len=0 MSS=1460 WS=256 SACK_PERM=1","50312","443"
"467","21.725516","216.58.199.131","192.168.2.7","UDP","1392","443  >  51658 Len=1350","443","51658"
"468","21.726010","216.58.199.131","192.168.2.7","UDP","1392","443  >  51658 Len=1350","443","51658"
"469","21.727661","192.168.2.7","216.58.199.131","UDP","78","51658  >  443 Len=36","51658","443"
"470","21.727933","216.58.199.131","192.168.2.7","TCP","66","443  >  50312 [SYN, ACK] Seq=0 Ack=1 Win=60720 Len=0 MSS=1380 SACK_PERM=1 WS=256","443","50312"
"471","21.728142","192.168.2.7","216.58.199.131","TCP","54","50312  >  443 [ACK] Seq=1 Ack=1 Win=131072 Len=0","50312","443"
"472","21.729398","192.168.2.7","216.58.199.131","TLSv1.3","571","Client Hello","50312","443"
"473","21.732693","192.168.2.7","216.58.199.131","UDP","1392","51658  >  443 Len=1350","51658","443"
"474","21.732821","216.58.203.142","192.168.2.7","TLSv1.3","1484","Server Hello, Change Cipher Spec","443","50311"
"475","21.733322","192.168.2.7","216.58.199.131","UDP","473","51658  >  443 Len=431","51658","443"
"476","21.733427","216.58.203.142","192.168.2.7","TCP","1484","443  >  50311 [ACK] Seq=1431 Ack=518 Win=61952 Len=1430 [TCP segment of a reassembled PDU]","443","50311"
"477","21.733474","192.168.2.7","216.58.203.142","TCP","54","50311  >  443 [ACK] Seq=518 Ack=2861 Win=131072 Len=0","50311","443"
"478","21.734005","216.58.203.142","192.168.2.7","TLSv1.3","975","Application Data","443","50311"
"479","21.734792","192.168.2.7","216.58.203.142","TLSv1.3","118","Change Cipher Spec, Application Data","50311","443"
"480","21.740928","216.58.203.142","192.168.2.7","UDP","1392","443  >  59293 Len=1350","443","59293"
"481","21.741381","216.58.203.142","192.168.2.7","UDP","73","443  >  59293 Len=31","443","59293"
"482","21.742245","192.168.2.7","216.58.203.142","UDP","91","59293  >  443 Len=49","59293","443"
"483","21.753505","216.58.203.142","192.168.2.7","TCP","54","443  >  50311 [ACK] Seq=3782 Ack=582 Win=61952 Len=0","443","50311"
"484","21.753964","216.58.199.131","192.168.2.7","TCP","54","443  >  50312 [ACK] Seq=1 Ack=518 Win=61952 Len=0","443","50312"
"485","21.754649","216.58.203.142","192.168.2.7","TLSv1.3","618","Application Data, Application Data","443","50311"
"486","21.755372","216.58.203.142","192.168.2.7","UDP","62","443  >  59293 Len=20","443","59293"
"487","21.768475","192.168.2.7","216.58.203.142","UDP","70","59293  >  443 Len=28","59293","443"
"488","21.775672","216.58.199.131","192.168.2.7","UDP","78","443  >  51658 Len=36","443","51658"
"489","21.796257","192.168.2.7","216.58.203.142","TCP","54","50311  >  443 [ACK] Seq=582 Ack=4346 Win=131072 Len=0","50311","443"
"490","21.811565","216.58.199.131","192.168.2.7","TLSv1.3","1484","Server Hello, Change Cipher Spec","443","50312"
"491","21.812399","216.58.199.131","192.168.2.7","TCP","1484","443  >  50312 [ACK] Seq=1431 Ack=518 Win=61952 Len=1430 [TCP segment of a reassembled PDU]","443","50312"
"492","21.812498","192.168.2.7","216.58.199.131","TCP","54","50312  >  443 [ACK] Seq=518 Ack=2861 Win=131072 Len=0","50312","443"
"493","21.812935","216.58.199.131","192.168.2.7","TLSv1.3","975","Application Data","443","50312"
"494","21.813573","216.58.199.131","192.168.2.7","UDP","1392","443  >  51658 Len=1350","443","51658"
"495","21.814084","216.58.199.131","192.168.2.7","UDP","73","443  >  51658 Len=31","443","51658"
"496","21.814232","192.168.2.7","216.58.199.131","TLSv1.3","118","Change Cipher Spec, Application Data","50312","443"
"497","21.814659","192.168.2.7","216.58.199.131","UDP","91","51658  >  443 Len=49","51658","443"
"498","21.832086","216.58.199.131","192.168.2.7","TCP","54","443  >  50312 [ACK] Seq=3782 Ack=582 Win=61952 Len=0","443","50312"
"499","21.832519","216.58.199.131","192.168.2.7","UDP","62","443  >  51658 Len=20","443","51658"
"500","21.833159","216.58.199.131","192.168.2.7","TLSv1.3","618","Application Data, Application Data","443","50312"
"501","21.841885","192.168.2.7","216.58.199.131","UDP","70","51658  >  443 Len=28","51658","443"
"502","21.871904","216.58.199.131","192.168.2.7","UDP","333","443  >  51658 Len=291","443","51658"
"503","21.872416","216.58.199.131","192.168.2.7","UDP","60","443  >  51658 Len=18","443","51658"
"504","21.873385","192.168.2.7","216.58.199.131","UDP","70","51658  >  443 Len=28","51658","443"
"505","21.874241","192.168.2.7","216.58.199.131","TCP","54","50312  >  443 [ACK] Seq=582 Ack=4346 Win=131072 Len=0","50312","443"
"506","22.081521","192.168.2.7","239.255.255.250","SSDP","216","M-SEARCH * HTTP/1.1 ","53756","1900"
"507","22.096777","216.58.203.142","192.168.2.7","UDP","1392","443  >  59293 Len=1350","443","59293"
"508","22.097248","216.58.203.142","192.168.2.7","UDP","89","443  >  59293 Len=47","443","59293"
"509","22.097408","192.168.2.7","216.58.203.142","UDP","70","59293  >  443 Len=28","59293","443"
"510","22.102843","216.58.203.142","192.168.2.7","UDP","70","443  >  59293 Len=28","443","59293"
"511","22.102844","216.58.203.142","192.168.2.7","UDP","249","443  >  59293 Len=207","443","59293"
"512","22.103006","192.168.2.7","216.58.203.142","UDP","70","59293  >  443 Len=28","59293","443"
"513","22.410486","192.168.2.7","180.151.151.151","DNS","79","Standard query 0x73b0 A clients4.google.com","49556","53"
"514","22.422928","180.151.151.151","192.168.2.7","DNS","129","Standard query response 0x73b0 A clients4.google.com CNAME clients.l.google.com A 172.217.167.174","53","49556"
"515","22.423825","192.168.2.7","172.217.167.174","UDP","992","57130  >  443 Len=950","57130","443"
"516","22.461255","172.217.167.174","192.168.2.7","UDP","62","443  >  57130 Len=20","443","57130"
"517","22.548481","172.217.167.174","192.168.2.7","UDP","138","443  >  57130 Len=96","443","57130"
"518","22.549017","172.217.167.174","192.168.2.7","UDP","60","443  >  57130 Len=16","443","57130"
"519","22.549190","192.168.2.7","172.217.167.174","UDP","70","57130  >  443 Len=28","57130","443"
"520","23.082352","192.168.2.7","239.255.255.250","SSDP","216","M-SEARCH * HTTP/1.1 ","53756","1900"
"521","23.310062","74.125.68.188","192.168.2.7","TLSv1.3","376","Application Data","5228","50302"
"522","23.355339","192.168.2.7","74.125.68.188","TCP","54","50302  >  5228 [ACK] Seq=796 Ack=4931 Win=130816 Len=0","50302","5228"
